title,raw_link
"Spectrum hiring Associate Data Analyst in Greenwood Village, CO - LinkedIn",https://news.google.com/rss/articles/CBMihwFBVV95cUxPbUJPeXRVR0hicnRBTG44NUJrU1E0WXVDaVpMYmtGeHJBb2VsN0NlMEt6dG40cDAtaFgwcXptRzRxV2NKbndnVERDQk5HZWJrRE1rVlRta05rZlpucURTMzRRZWc4dE1fZVJGUXNzQnluUzJLRXIwMmpUMXF0UTRHa0U2c0JDLU0?oc=5
"Orion Digital hiring Operations Analyst, Systems & Automation in Vancouver, British Columbia, Canada - LinkedIn",https://news.google.com/rss/articles/CBMioAFBVV95cUxQZjVlcTRLbGN3QXVEZGRxVnI0amRYWFhLT1hqRXRnNzNzdU9sUDBvWmdDWGhmS25oQnFiWUttOS1xb2NpUVgxalNpa2NXWXRrRUJJdzNsajRYalAzMXVTc1lfRk1CWEdiZFN4LVZLSTVuZTR3Zzc5X1VwTlNjangyTVhBRnJkLWg1ZEpTTlR5U0F1aEhHVjh2c2VMTi0xbDZw?oc=5
"Discover 700 Reporting Analyst Jobs and Work Opportunities in Montréal, QC - Indeed",https://news.google.com/rss/articles/CBMilwFBVV95cUxNQnBEZ2VsTGcyc3IxS2FfdHlicjNNNllFNlhZdzQwRUhYNTl0eGh2VzNjZ3lkZ3FfbEFpNGtzSE9GQWJNekE0NGhnVm1MUDRNVTN3YXVtbzlid05oNGpPVGJfYXZ6N1NhaVYzeDdvbVVNVldiYnQtWFFGN1ItdjNsR3BwWkthNHFLNW9xQWN5ZU1GeUFSVXow?oc=5
"Intelli-CloudWare Inc hiring Salesforce Business Analyst in Scarborough, Ontario, Canada - LinkedIn",https://news.google.com/rss/articles/CBMingFBVV95cUxPLS1EWTY4bHM0dksxZXJFSGF4QWlQT3ZNaHo4bDRTVzhHeEwtX3lZX2VpVm5JSkEyRmIyMmVxd3BwTmZkOHVhQzl3amlDcV82NEUtYVBDbDZjT09EeGlSczVFMTBUQm5fb1c3TlR3VHJ5NE9jS2xiN3JDR0YwTjRZRldFdGFXWmZ5bllCWHB1TFNHV2R5cUNMQmctS2lnQQ?oc=5
Hiring Now: 45 Part Time Data Analyst Jobs in Ontario – Great Pay & Flexible Hours (17 April 2026) - Indeed,https://news.google.com/rss/articles/CBMigAFBVV95cUxQRHhFWEZLeEpZeWxFVFNyb0pncUlaYjhueDF2RTBGVUxEMnFNdXk1ZUtDWXAxajBTUnBMR1pMMzgtZ09pSTdXVld4NG56YVotbG03dmpoYjlxN0Q4NXI1N19UbmJQQk54YVV3ZGFySEgxTzVMbHQxbWdKWTE3WFdJQQ?oc=5
"Canadian Blood Services hiring SAP Business Systems Analyst I in Ottawa, Ontario, Canada - LinkedIn",https://news.google.com/rss/articles/CBMipAFBVV95cUxNdTNudm5QenQ4cmF6UWpJaFNrbEFGVDZTclFvazNaSmJmODFaWjNRZWNmRTZicHRFQnpIQUdIMW02cDIxaDl5N09JOEtCMVpHNjB3OHgxVDBDdmtZT0hkTWw1bEVHRUpqai1MWFF3Zi1teDN0dGJLTTF2VzlSc1lVTWdLU2FkZ19rWGdLQlFjREhxWm10clVnS09FRmdJbmFFMFFXUg?oc=5
Business Intelligence Analyst - Indeed,https://news.google.com/rss/articles/CBMiXkFVX3lxTE9OVmwtQXBJOWxWc1dyTi15c1I4TmhTckNkUjd1Mm9aeEEzZVVnNXo1UzJweUQ5SmtMcHNvWXB3bGQtUjZKeTlQdHA0Q2szRFhHdnh2LU15N2VaSWxINnc?oc=5
"Discover 300 Health Data Analyst Jobs and Work Opportunities in Mississauga, ON - Indeed",https://news.google.com/rss/articles/CBMihwFBVV95cUxONnpBVklQTU55LUVObjdjUmRrczJRV0FVZTc5ODlNbXBmMm9sRDdMdmVXd1VNaXlreVJaOFJjZzVBZUpPd0JMc1BtU2VEbGhRU2YyNlNDSWY2c3FwWFo4RkcyV1dNMEFTRDg2UzBnLUhQYm9TTkZjNkdLZkZqSURhR0Z1ZzdtZkk?oc=5
"Product analyst moneris jobs in Toronto, ON - Indeed",https://news.google.com/rss/articles/CBMie0FVX3lxTFBRaEF4U0E1RVNNbEI2cUFZYlcyTjBacU5RU21Dd1ZwYk5WUUtBNi1EOFdqUTFYdWhlVEwwVWJOeWYyc2xqMnBuN0U2TnY4aU1Bb1dGZzV0VnpUYVk1ZHhjWFdIODZnOXZkX3VYLTg4dVNoWUlqcWdnTGdiWQ?oc=5
Business Analyst I - Channels Change Management Team - 12 Month Contract - LinkedIn,https://news.google.com/rss/articles/CBMivwFBVV95cUxQVlVmUXBxUXExTkJHVG5CN01TZzJ3WEM4ZHpnRVdpTTVFRGJtVGpzQmlRaVE2eDdXcDd6NmYzNHhkeWxWeGJ1SGthaXc4aXQxaEJ3Y2N1TUgzUFRReF8xdXVRSktyZk92Tmt5Qy1QSktac2t0S2FnUWhHV1ZWZmVwTUxZclljQlFGcTh6dEdNTWZyeTRhS1lyZmM5Nmd0YXBjWWdrNUdlWDllLWFwZmpHcjVDbWVlVlFRazhjb3g0WQ?oc=5
"Canadian Blood Services hiring SAP Business Systems Analyst I in London, Ontario, Canada - LinkedIn",https://news.google.com/rss/articles/CBMipAFBVV95cUxQbkdyRHhSTFRqQlJXSndaSDNSWnZUNEdkU05zLTQ3QUs5YU1pb0RleXk0bEtWU0dIejg1V1hiRHRTSklCV0JUYmw1Umg2b3h0aS1PTTFpeVJNZFhIY1NJWnd2d0ZHMkotT2FzNHpYZENxNmtlRFdjQlJ2bUNlbjlqelhLZm5ycGNJLWt0S1hNLUxfbGN6cEFxcUdjN3JLX2stQ3E3YQ?oc=5
"Source Code hiring Senior Data Analyst in Toronto, Ontario, Canada - LinkedIn",https://news.google.com/rss/articles/CBMihgFBVV95cUxNemdvOFRLTHMxTGdqeTFLYWdkNWdTRWVpTklVODQzQ0s3ZlotU3B0YUNCRi1jUU1lbUZ4MWoyYnBYQWEwV2tXQm16SkpaMjdZWkFYcUpqQXl5cUhIX1dQQnMtZmE2Q1pMMkdrM0dvRVdqTnRTZnQ4TUFYOF9sR3B1VkJuMUZJQQ?oc=5
"City of Delta hiring Business Systems Analyst in Delta, British Columbia, Canada - LinkedIn",https://news.google.com/rss/articles/CBMijwFBVV95cUxPVFZmdFdLZ05JOENBMTdwenV6NFcxRUNhMS1mOFNvWmpGR2dIZHdoNE1fY2JwSUx2eEtxRVlWeXM2eHRjUlNURWpVLVhPV1dTQXkwSTFWR2RNVk5POGNnNWlocjFaR3hRMUFtUXhJVWlUd3liUk10aUNtbWNrMXF4Y21tTGlMTnN1c0tfcGlNdw?oc=5
"Sundayy hiring Data Analyst, Sr. in British Columbia, Canada - LinkedIn",https://news.google.com/rss/articles/CBMie0FVX3lxTE4xUzdtYWh5NlZuZGJEV3ZxXzBlSkdBQmx5SmRHWnNNUlh1M0xUamZiY1NTYWJPWGJta254azFlaFBMMEZnQWRMenJITTFnMGJfbkw1QmVkUk53R3pNZW9CRDVyd0U4cXdnbmoxOHZXYndDcE8wQ2djTXVHaw?oc=5
"RBC hiring Sr. Technical Business Systems Analyst in Toronto, Ontario, Canada - LinkedIn",https://news.google.com/rss/articles/CBMikwFBVV95cUxNWnM3VzNzM3RjaU95aHRzelkyY2dsTEtzdVFmb2VHTW5rSEVva01hRTFtNWJuS3AyODFzekFpQjBZeUZkdVR5RldURGJxTUhmYXVLaVlSWFNBQVZ4WjlKV29WWVBBajcwb2g1RnNfUjIxTW5KbVhFcUpES3dBNzVCNk1sYlB2a2N6V3BwZVl2NWJoa1E?oc=5
"Altis Recruitment hiring Manager, Business Systems Analyst in Toronto, Ontario, Canada - LinkedIn",https://news.google.com/rss/articles/CBMinwFBVV95cUxNM0dSRkEzNGwyMTVzWVFDcmt0amZ1YmYzR0FzTXBUZlJPZ21Ockxpek5NREhsdy0wQThtY1B1SnVtWW9SV3ZMRmNkbkZ5V0FRc3BHSmsybUNvZTllcFhjeDhNNlEzX0lhTkFERGotaDBPSHAxa29zcEtZZi1JNWttWmNUdmVsWU9NcGY4UTdHaEJ5RElFS3JGdk44WmJKUWc?oc=5
"Mercor hiring Technical Documentation Analyst in Toronto, Ontario, Canada - LinkedIn",https://news.google.com/rss/articles/CBMijwFBVV95cUxPNElmRmppNnY4eE1jTi1pa0pJUkVZcGI0bUJoU1pSa2dna2lSMS1UemJWRGU5ZVg4ZlNpVWNCeDl5Z3pRYnNOVmg0aXhkMlJqelg1enNHRVlnanhVay1QbUM2UFBpRXcxczR0US1lcS1WS0dleEtYOTl5QmJnRDN4eHRZejFEQjlBcGY3NUVnVQ?oc=5
"Toyota Canada Inc. hiring Consultant, Toyota Product Planning Analyst in Toronto, Ontario, Canada - LinkedIn",https://news.google.com/rss/articles/CBMirAFBVV95cUxObl9sYjFJNDNtaEN2OF9iLWI0MGZxZ0Y0UXdVVUo4bXFXUC1rOGtxdlpsWW14eFZWWldNcTUwdG9KYzV5bm9sWXZFOTN1NGgwWE16TzBYTmNlelFORnd6SzQ2YjZfdDJHaTl5ZlB2RkE2V2ZwWmJ1b2hMVzdwbnNKd2cyZEt2d29uTmVneWxfa2VDbGdWZk1EYTFqSUppbVQ0X053YlEtT2xONExL?oc=5
"Thermo Fisher Scientific hiring Sr. Analyst - Financial Data Analytics in Grand Island, NY - LinkedIn",https://news.google.com/rss/articles/CBMirgFBVV95cUxNR0prN0J5THBLOUlUU1BtUE9meGV6NDRtOUFjcTJJYUdJYXVBbC1wMl9OQXczMkJFUW9iVUM2NUdRalM4cDFvYUZXVHU3ekFhdjJKLUJJRUJZajhPLUdVdVRST1JmRlFHR1lyOFotRW1ScU9Lb3gtSHVIc3R6YWNiZFNpMnd2bVpNLXhEMi1CTDVtR2t4OTd3Qmt3dDFsN3pEaWNOVXJOdl85OTBDSEE?oc=5
"City of Toronto hiring SENIOR BUSINESS & SYSTEMS ANALYST BS&R 1 in Toronto, Ontario, Canada - LinkedIn",https://news.google.com/rss/articles/CBMipAFBVV95cUxQM3hIdXZkV2ZWVnlYYTd1YmpsWjRfUUZycFAyVERhd0JMMVlvZ0JQVVg2QkhybHVSLUZ6VmVnSU54aEFnMjhNOGtOX3J1MzhpanFYUlpBWFEydmFRQUpmLXR0cHZHVXo5bV9jMm8xN1dRWFJMQjRvZ1JzX0tIV21KZlItdWFxOU5GbndkQVo2ZmJjWm5Vb1paaGdYZ0tZX1M1VFV2Xw?oc=5
"OpenText hiring Lead Financial Analyst in Richmond Hill, Ontario, Canada - LinkedIn",https://news.google.com/rss/articles/CBMihgFBVV95cUxNeF9ZY1R6OXl0akRKMzR3ZzBGemZVeXVyVmlBZW9kQkZjeXlhdy1lR3l2SnFBQWRrUy1jSmx6SWNlMkNxc3dDdnhTazRJazh4M2tCNVJfZUxRZkc0OUVDVUpidW5idThtamlNOXFVVWprb1RoUWVyVmt5V0Q2QXRIVTZWN0xiUQ?oc=5
"Akkodis hiring Hybrid Business Analyst / Product Owner – Client Data & Operations in Toronto, Ontario, Canada - LinkedIn",https://news.google.com/rss/articles/CBMixAFBVV95cUxQbVJKZWVHamM2ckEwOU1Mb2VoVk9lbm5tNEVtZFZkb3dVUWREejNCLUppN2RDU25TRXNtM0cyU2ZjNE1xV0JubTRtYzJnZEp5UmJCbE1fRkJsS3pZMHBXX1hJZWpESUloa0NNLTRxcEtBOWQxTnVsTzFTcXFYOG42bkE5eTZVUVQzUm43U2ZmSlR2NDV0cWxsenRveEJsQklITTJiSE85OTFFdEc5bWNSOXU2Q0lGN2tHWDFUSlpHQW5hdXpX?oc=5
"Sanofi hiring Product Owner - Clinical AI Workflows - Vaccines in Toronto, Ontario, Canada - LinkedIn",https://news.google.com/rss/articles/CBMioAFBVV95cUxOSTVuamVXa3QwWVgyRjllZHc2VllsNGVFLTFtelpNeGxxTi1NZG5aRVpzSmhzc3Rfdnh4SWZZRkUzZV94RDljTVlaOGR3VThwNDZ5bUZfLVVuU0lkSmt0MUM1SU13Q1dqV0dsUGxuRkN6d0FkWFFvYlpyT0xXWG9nM0p0Q2RsMzhidjEzQ0ZZNlJjQ2t2T1E1eE1sYm9EYmst?oc=5
"BMO hiring Senior Manager, Data Analyst & Operational Process in Toronto, Ontario, Canada - LinkedIn",https://news.google.com/rss/articles/CBMioAFBVV95cUxOdy00di1rVkQ0dEpJVVdrbDRtajVhRDhxYldoU2I4aXIyLUxRQ2JJU0Y0WFNhcWowcExoX1lBNlctN1I2SXlCX0VBMDVmY3I0akhBS2hVTEZYSVBRNDNkaE81OWQ5NmlyZmhWQ21uNDEyUndmSVJOQ0RUN09mbnJra180VXNPdkUtRzFwZkRFdzQzMUZ5Snd2M3ZOcGJYZnB6?oc=5
Business Analyst - HYBRID - Edmonton - Indeed,https://news.google.com/rss/articles/CBMiXkFVX3lxTE5ra2k0bjF2QlJwWGFack1QZWxqRC1kUUs5Q3ZlUWVmNFdtWEtSdUNXdWZ6dk9Ha1NVdU5pSVB1a1ZHUXdJRVRnenlEbVQtcENLNDc5d0dyOTE4OXdmSWc?oc=5
"val's services hiring Remote Fintech Product Analyst - AI Trainer in Temescal Valley, CA - LinkedIn",https://news.google.com/rss/articles/CBMiqAFBVV95cUxOSEZyLXRLSzBxUWdnNWtDZDRrb0NuN29zckdGakFNME1pYVBudjI4RHJXVS00MW9xRjRsd1BXWkY3dVlkWlN3WWIwMXFrRGFZeFAtdVlGbExmVG5PeHpIbjk1ajZQWVpDVVpMdFROTXBZb1lvMEVNT0FtUDlNTFBscDJ4NWxlMGxVNDJ2VGk2eHNxbzhDTUk0NUNEUGlKc241S2pHUDBmS08?oc=5
"BoomerangFX hiring Product Owner in Mississauga, Ontario, Canada - LinkedIn",https://news.google.com/rss/articles/CBMifkFVX3lxTE43UmRWalQtTGcxQ2p3X0ZFLTA0ak81OEhYV2M3U0FlbE5TSGZ1NGt2QzhYeFBEN3NwMHI4aV95VG8tSE5KS0pVVmhNcEgyZWdQUWxvSXlrYnpjMlktTVlTSnhmR3ROakYzeVRaMDFJUzB2YzVTdkF0OXl3S3d6QQ?oc=5
"Product Analyst Jobs, Employment in Portland, OR - Indeed",https://news.google.com/rss/articles/CBMif0FVX3lxTFBLSktMdTB4cnkxaE5ZeDh6M2VHbThaT1l4YWJ6dVFiS01WcHAtTWpqRWpvQzFnNXZmcWdhcjBXczc0amFBUmVKaC05b0xVLS1CMXFwdVpESVgtaWNsUUdEZVZPVEtURzI2TUh3V3lWTEJvbjFkdUh5NXBRY051a0E?oc=5
Business Intelligence Analyst - Indeed,https://news.google.com/rss/articles/CBMitgFBVV95cUxQS1V0SEM0WGpLSWp2QlNWVDl6MkhBdEp3YWppNHpKeERNQlpsNllBVzVnOUVqZDR0bjg0VzNvak5fX0hhYWlIOHpHWGZYOVpVTFlWV2tsaVVuVV9nTi1nUGJoSVFpV25JZ09TVEZVc1RIMTNqN0l3cklqeGMzWjdwa0VKUnBoVDdFZ3dReUF2d0pwU1dna3dFZWlNX1BwUUVIY3VWVlBzMFVnV25MSzJWclFxM0dVUQ?oc=5
"Discover 75 Gas Market Analyst Jobs and Work Opportunities in Calgary, AB - Indeed",https://news.google.com/rss/articles/CBMigAFBVV95cUxOWEd1SFZ5aTNwdWE5UHdUaEtpZWJXdWstd081bkxFa0xuY0RjVHdiX244ZVg1ZVRjOGRSUU1NZUVvQ1B1STk4eE11dDZvMVdKVm9pcmVpN1N0bFBnVTBrRGliNEdaUjN0UUpTc0VPMDRRdTNrRkxUMzhKX2dPaHZGbw?oc=5
Government Entity hiring Senior Data Analyst in Canada - LinkedIn,https://news.google.com/rss/articles/CBMikgJBVV95cUxQZUVjRktEaFhic2JoTXc1dkliUV9GWm1kSUF6U1VENXdXYngzNXFrYUJhYUtEc01yaExpdkV6SW5sYTNLZFFEc3NMR3NpVHhaYnR3MWN5bEVBajN3cTYxQ2N0ZUxZRVE4U2phOEstTUtwelFVdld2b1YzV3BvQ3g3cVJBR1RJSms0V2dhRFBpRXNIbzdfQVdVMzZsSkJiSGVyTWtNQkdCaG02YVZkTkI0Q1J5VC1QR0RjSW9KVzRpM3hLQ0F6Z0tySE5QMkpJdVNkMGJ1Zlp3U3F0QUs1UlhsbXRvWkwtbk9NUHNNNS1SdDFuTlkxS2NzOHh5QXhHRXNaeC0tWk5RRlpINHdQNVQzNU9n?oc=5
Senior Business Analyst - Indeed,https://news.google.com/rss/articles/CBMiXkFVX3lxTE1JSVVzY29QV1JaOWxIVTZWWUQwMGZxQS1RUHBLUV83d2Q1MGFValFHMDU4VzlUbWFTTTNfRDkyY25wdGFEX2tyOXlqUEZpemZhT2RLbERZaFFSNUJ2WGc?oc=5
"Customer Insights Analyst Jobs, Employment in Virginia - Indeed",https://news.google.com/rss/articles/CBMie0FVX3lxTE5CNklzX3JJNC1GSkh3VHIzekxiaDhpY1dWakQ0ZnpQU0VKcmJXZFBPaVowcVg5clU2Z1NVRGx6a1I1ajA4QnBSSVNxOTNDQjgtb2J5VE9sU0x1LXdudTJZQlZRYUVLRnR2cHZza0c2ZTBQR2lZdmZOaTNlaw?oc=5
Reporting and Analytics Analyst - Indeed,https://news.google.com/rss/articles/CBMiWkFVX3lxTE1SWEw5ZTdaVGxodHpDUkh3aUZkM3lYT2FFTmFKVV9uRW9JYmpzRDBfOWlJTk92NDZ5ejBJYXdheFpSUWh5QmlUMHFRMmxQclRiWlVrNzdSYWFDQQ?oc=5
"RBC hiring Lead Business Analyst in Toronto, Ontario, Canada - LinkedIn",https://news.google.com/rss/articles/CBMifkFVX3lxTE5NTDNUZVRHRVlIRzc1Zjc4cFNtSmhDdXhJVTc3R0tXM25Cd0V3bzdLRGo1d2FiQnFYNkg1MFU1WGJuVmVOZFBXOXZuVTJ4S24zV1J1OEo0UnVzSDZUZVdReWNiLUp3VTlTWWRKTlNOSGY1SUxzVlVrczRrSGR4dw?oc=5
Senior Business Analyst Jobs - Indeed,https://news.google.com/rss/articles/CBMiggFBVV95cUxPV3lLUzBXamRHdkRpMGRWUVk4TjB1WmlweWpBT0pNaGRzckh2OHBhSFUwUXZRZy03TzZpUWtVQXhjSzJrb2VrY3h1S0E4c2NmYUttWlhpLS05cFFZSVhmcGNVNXZIWHZHOVlhS244Umk3MUdxTVFFaHB3Y2FqYzdBYldB?oc=5
Senior Strategy and Reporting Analyst - Indeed,https://news.google.com/rss/articles/CBMiX0FVX3lxTE1fUGxvRk1hcXpyUU9DWV9xVnBJcUdUVUlqUE56WEU0MVpEeG1VNkhJNzZPa25XYkMtbVZ4UDNDR3gzZzJZSUs5VXpFX3F0TTU3VlBtblpIbGRLMXlhSF93?oc=5
"S M Software Solutions Inc hiring GOAPRDJP00000890 - Data Analyst in Edmonton, Alberta, Canada - LinkedIn",https://news.google.com/rss/articles/CBMipwFBVV95cUxQWkl1a09feWpJelVvS0lZbHY1NE1ydWlQQWRYTXpOQnRiMnNMOUdYZEJJWEJneFQ2cXNJclpQUGRuSzBsYlVRYkRzMFNuYkVjSk42eEhwS29tR3ZRU1NjbGxHUjVzR0RlOVNPeHJOdlVGamJUTlBRUHdSUjVyYU9zcDFmRkFxTy1aUGVhQzNqRmlOSndZa0p1OElkeWhSX3VXOWJQcXJpdw?oc=5
"Clio hiring Senior Business Intelligence Analyst in Vancouver, British Columbia, Canada - LinkedIn",https://news.google.com/rss/articles/CBMi9wFBVV95cUxNS0ZKVGhYRHR6MzVsN3lhNFhzUGFxbGFLeEVFMWN6QVNEMUllT0puWHJyN05aazhZekxtUTZCNGM4NG9yR1hXX2xQQTNLRDU4LXhSbkFlajJpTWFzdDF3R3k5WUtCZmdBRzlkUjJ3SGt0WThjd3JGLWdNZTFJam5MdlVVLWhZN3R3bTg4TkVycGVkWkZHT3ZiWEtuMG9OZTVlOWtaYVVSRDVGREtYdFJQc2E4MTl0MGFBQW8wTUtKWkhxaDdndVRFMDdjbDQ4MHBoeWs4UHF1OTczSzdFbmNNRDdNQm5fWnBGZkRUQVNNcHRlWnU4Q2lZ?oc=5
Data Product Owner - Indeed,https://news.google.com/rss/articles/CBMiWkFVX3lxTE16OVBkaGtjNGpxRnV5WGFVWUJkV19JdkJHZERabVNzd1YtZERkLVZ0VEtRWFR3LW90UkZrM195VlhZbHhZNVZiN0lNQlIxYk9KQWptWjRUdjl0dw?oc=5
Data Product Owner - Indeed,https://news.google.com/rss/articles/CBMiX0FVX3lxTE5nX3JpdTVLQXhWOHBpWjZoMlRCc29nWDhVaElnX0ZXWUpXWDFwYWtQaGEzdDZnMUo2eTBCOVV0WWJjTmE2SEhUcUtwQW4tOXNmOXMwV0VHMXlic091ZlNF?oc=5
Business Analyst Jobs - Indeed,https://news.google.com/rss/articles/CBMieEFVX3lxTE9YTHZmNHRueGdoXzVVcGIwZ0NuQkRhR21PbTRqTThwZHN3bG1ueElFOEdONXJLN2NLVGVxUGMtblgyZlJOTWhnYTlyTUJMa2piU3RiQ2dDWmNmUGlNX01pT29DMldScm9WQ1FteHRmdDlMTkdyWVBfdA?oc=5
"Discover 400 Junior Data Analyst Jobs and Work Opportunities in Mississauga, ON - Indeed",https://news.google.com/rss/articles/CBMihwFBVV95cUxPYV9lZndVS2NvQ05nQlFqR3poX2pzeHRVTVFaZE5GMnhVV0xmNTFManh1czhmVF9vbFFHX2xLZGJLWkJ0LVlKX0pia0ZUbm9oWm91d0taXy00X3JXa2NiMkNMdWp3OFh4VGhpeVE4dzhFbnRaUkRhVnEtVDlrWUlmUGdoLTdjMTQ?oc=5
Product Owner - Indeed,https://news.google.com/rss/articles/CBMicEFVX3lxTE43T2tJd014dkwzWkREc3lwam84cGtsZWh5X3lpdlpDeXBLaE9iSVpQaUQ2b01IVmViRlpmVkplYjg5ZGoyZU1WWHRmVGRQc0gtbU4xa0NHaDVLTW9BRXVrTUtZbFEzb2FvczJ1bURzRUw?oc=5
Senior Fraud Operations Analyst - Indeed,https://news.google.com/rss/articles/CBMiXkFVX3lxTE5seGxjWGpyWHFLajA0U3QwaFlnZjBmSExUejJIRVktVHJNaFdUSE5ZVXRCamRDOGoybVFuek5LUkU5R3pHdHlPTW5ZOG0xUU9HSHFlZU9fbkZCdTZEaFE?oc=5
"JSG (Johnson Service Group, Inc.) hiring Reporting Analyst in Calgary, Alberta, Canada - LinkedIn",https://news.google.com/rss/articles/CBMimwFBVV95cUxPQlZsV1lidHFmMjJscHpaUjRuTEJYVDRJNVFTLU1KbFVBLTBYUHMyS2pBZUY4b2hrNmdUc25YU3ZOSVhld1RVMHI5RW5XYXZrUkc2eG9LMXE3VjFBbUxZSWVVaWF1bXRIR3RWQ1lZbmp6QXpBOWtGclo4Vl9WUHc4aV9Pd3lnZWdveDl6aVdMV1lLNTY3RDV3NnVaRQ?oc=5
Senior Strategy and Reporting Analyst - Indeed,https://news.google.com/rss/articles/CBMiWkFVX3lxTE43MzZDc3JhdHhDbmZKS3BxSDhNOHZZV2haVU4xMkJmd2pENHFsbEpCaTJpV1hKZmFMR1plWXR2a2V0WDZ6MGQ2bUxkcVFTNWZJWmR0cUFGbmpEUQ?oc=5
"Product Owner Jobs, Employment in Florida - Indeed",https://news.google.com/rss/articles/CBMidkFVX3lxTE9vaGFlWlIxNktlQ19tOUNSOU13WXZSZFZ4WnVyRUxuZFpWa19UWFJKNmJOZzRHb1pFTW9FdE05UzhNV3FNc0hfQTZLVTFVam9OSnJvTmd1RmZjZy1YRG03bEtNeldmcXA3Z0xGNTdHUmhSa3MxNUE?oc=5
TD Senior Operations Analyst jobs - Indeed,https://news.google.com/rss/articles/CBMiekFVX3lxTE1CaUhhaTA2cmR6dm45ajVwckdKRERIcmRpZVJfb2hPZnY2S2pQb3ZFV2JqeWdrZ0VfMDFkT0hPS0hNQ3dRRFNZNkNsQWFWcUlHUkpqYlUyUXdYVTN1c3FEcTJMaXpqd3BhMUxMMnVlU196R05QeWxXWTdn?oc=5
"Alignerr hiring Network & Infrastructure Security Analyst in Toronto, Ontario, Canada - LinkedIn",https://news.google.com/rss/articles/CBMinAFBVV95cUxQbUYwdzJERWRqTDJqT0JPa25vb2JQejJOX0t0Y2F6Tk5vWGJhSDJWSGZnZEZzUE55a2ZjOXZBN1A2ZlV3ZUlRR0ZQUFJFMkdLZFZOejd0b2xYU0xKQUlxQzN2TjRXM2hfanFwZVRqMGdqdTFPMTFWSi03WTBuN1U1bkRRWGV2TW9vTWREdFJvM1NJNVBMNl9CaUNBZ2g?oc=5
"S M Software Solutions Inc hiring GOAPRDJP00000890 - Data Analyst in Edmonton, Alberta, Canada - LinkedIn",https://news.google.com/rss/articles/CBMipwFBVV95cUxQeVE2NGVQM0xGeUFGQ1JQVlpZeTVxeDVKaUFnbWxvd0ZGNjZwR2pidXRyVm5tZ0p6azU2SWRYVjFXLWlNek52UjFFeDlIeGRKTXJXZE9oYWdEQTBiMjdXcWlUZXhZYnNKWExlNGVIUmI5MWgwM1V1X2VqUk1VODRFbHd2T3ZsUlk1elY1TGY0VlBLcjlFWHV6TDIwNFI0OHRyZzBXRE4xaw?oc=5
"Discover 100 Entertainment Business Analyst Jobs and Work Opportunities in Toronto, ON - Indeed",https://news.google.com/rss/articles/CBMikAFBVV95cUxQeEM1T0VlY1c4b3J0U09reGY5Ylg0YVo2Z3VRRG8tQTlHMTdBZFlNY01PaG1BTVcySG9JeHdESDRVSlQ4OWRjRzFlNjJ1YlV5RnhYRlpROE8wZ0NKb0tCSk9OSXNxQUVEU0dLbFM2dXBaWG1XNGx5Q2lERHR0TXNaU2xVS1RtR1dnaFZ4SUpLbWY?oc=5
Reporting Analyst - Indeed,https://news.google.com/rss/articles/CBMiX0FVX3lxTE5tbmJEZmNsdXlpN1lhRjRQaml5X3Y0TTFJanpEdE1ZYWVNTjkwLUl2LVgyenk4UnJMQU9PWXJTOGplYlAwNUY5QWRucThlbjV0bk9GaDFLQURuOFo1T0lZ?oc=5
"Guardian Capital Group hiring Senior Business Systems Analyst (Charles River / Eagle) in Toronto, Ontario, Canada - LinkedIn",https://news.google.com/rss/articles/CBMivwFBVV95cUxOSVBZenZza0pTb2NrM1A3ejhnU191aVJQZWtZeDZrZTZscW5iZmltVUgxN2VmbTJkeVR0cWI3OFNXZTB2dlNJcUUzcXZaS0k1MlBfOUhNSmtzN3FTckFzZVoydHZrOFBPRHNKem1GQU1NZDU2U3RoM21Mc3NDVGg5NXlGa0F0ZDI0T1AxZUh2OGs2NjNTV0Nzb29EcXZuX3JGUU9DQk5IX2Q5Q2ptU1R3cHUzSE1aX1o0N3RpUTJYbw?oc=5
Data Analyst | Data Storytelling | Hybrid - Mississauga - Indeed,https://news.google.com/rss/articles/CBMiXkFVX3lxTE95Yl9SYTlaUEZtTXo4a0lpMEtWN1FfTlQtenIwUTVFbm1DTzV3WE5mWDR1anFieXd6WGVXSkV5ZWxSZXJfcFF2T3c1VjFnTEFGT3hCVE5VNXRmY3Blb2c?oc=5
Business Analyst II (1-year contract) - Indeed,https://news.google.com/rss/articles/CBMiX0FVX3lxTE1CeFRfdHNDUmNwVHozc0kyd041eEhmaHB4WG1DYkJZOHc3UWlWRTVvdWRkb1d4VHpub29BekNGVHJyeFNodWNZT0htSkZjamh6d3p4ejlNZkwwQUZkM1VV?oc=5
Mercor hiring Household Budgeting Expert - Analyst in Greater Montreal Metropolitan Area - LinkedIn,https://news.google.com/rss/articles/CBMikwFBVV95cUxPZGRJWl8zZWJMOTNLcWxZaE1kTHVzbzktcXlPTzRvQWc0VkptRm5HRDlRQ05TTU9zOW03dEtQdWtjd3R5Um5hM1h3U1YtcmdsaVRsT1M2QmRnMkJiWjFZaHQxZ2VWLXhRaWY0YkI0eUM2bm9vZnRsZUtCc0J2Z0Z1NTNsTXZlRWRkdlBNTGl4R3JkUFU?oc=5
"S M Software Solutions Inc hiring GOAPRDJP00000890 - Data Analyst in Edmonton, Alberta, Canada - LinkedIn",https://news.google.com/rss/articles/CBMipwFBVV95cUxPX0Z6NDJDRi05ZFBLd3NVS0lTT0c0Q3lmWFVXNGFZZXl2OWgzNmFvSTZ3ZmJvaE5seTdxdmF2YXB4TzRZU19TODZ5ZERndVV1cG1MdHNvYWllNFBNdmhERFRXbEZIcTFNWkZaNzN3aTAyNGNsSmVqaXFkcWRhaEN3aVVzbEppdDVRU3BNbm5yU094OUxwcVdtdEJjblBDay15VFdhQ1FIQQ?oc=5
"Altis Recruitment hiring Financial Reporting Analyst in Markham, Ontario, Canada - LinkedIn",https://news.google.com/rss/articles/CBMimAFBVV95cUxPVzJuODZGeF9Sck1TaEU5LXpJVVlUVC1ZbFJuWHZxcV9lX1hGUjJBZE55Z0xaN0dUUndGWVNJTlZsQkIzVkgtVEcyUjEwTU56YUZLMkhTR2FkRV80clNONEQ0ZjBaV0Rtd19IbmtwZWFTLWxXMHEycWZ1YnN4YUZ0cTB3eDM3OXNlRzdJRW9KLUU4Zjgyd1d3eQ?oc=5
"Financial Reporting Analyst yearly salaries in Toronto, ON, ON at Girl Guides of Canada - Indeed",https://news.google.com/rss/articles/CBMimwFBVV95cUxORXRKb3Nab1ZzSV9FS1JkYXA3c2hPVWxfVXpMamFNS0RFd0d2SXVha0hzQlJUeDBnNkI0UkhmT19tNVhNVEc4ZVJCYnAxWTh1ZUxxZzJ2Slc3Tkk2dkhrekJkdWR1S1pDS3BSQ3JmMFE1ZVI1ZXBaWE80bkt5V3N0elFuRWFJZUVQS3dNNUVPejhMNXhCbFluaGN3VQ?oc=5
"Didasko Outsourcing & Offshoring Resources hiring People Operations Analyst in Greater Toronto Area, Canada - LinkedIn",https://news.google.com/rss/articles/CBMitAFBVV95cUxPRnctVVVBWFQ1dVZRVkY1RGJlWlIxbVF4TDJuZURRZ3J3aElrWC1McTVUdy01UDhwdjVGN1czblZQQ290VVItTENTSWpJTEZYNUxQWVJfQmN2Z1UxcXVwUGtuUWZvVXM3NzQwX2ZySWk3cXNrLVRIMU1SZjItMHBXYzBRa0EtVUxqMXNna1dTckZreENnVS1LQ0lEWlc3Z2x0eHRpbm5mWWFHaV8tRVd4blBNTzc?oc=5
"S M Software Solutions Inc hiring RQ00585 - Business Analyst - Senior in Toronto, Ontario, Canada - LinkedIn",https://news.google.com/rss/articles/CBMiqgFBVV95cUxPRzkzUUtvb1VMLXRodElvQlVVMGJ0VkhlcUprajZyVGpra19oMDgxeGxFWEZOUG5RSkxnLXRVcnZSaEpDbGMtNWVPSXQ4b25JRHBzTlYyV0hZaVdMX2lETHdmTXpKS0VKamx6S0xqa0s4bmFFVFhIY3RrZVdWT3AzY2tteHJ5SlBxa3FETC0wMDRPdXhocDZidmNMUFdXcWdHY2NneEhuanI0Zw?oc=5
"Data Analyst Jobs, Employment - Indeed",https://news.google.com/rss/articles/CBMid0FVX3lxTFBHN1NRaFpSc21YbkhvamZQckVEak5zb1ZnalZmOV9KU1h6UXloR2ZaR1AzZjR6aXV1UVNTSTlfNjF3VHg0T3JuU3pSV3VWcEVxeTFCREtlWW1JNjJIQzJEakI2VDZhdmF1RzZ3TzBOaUJ6U3hXQ3k4?oc=5
"Sales Operations Analyst Salaries in Calgary, AB for Siemens - Indeed",https://news.google.com/rss/articles/CBMijgFBVV95cUxNX3h1MkRqYWlVQzd1Z0syb1dXNW9BejhnaDNVMkd0UWlscW95SHFUZ0RqUVZJbGN0RWluMzdod01TLUNrejRqRDhObERwc3NxQnBXQ0pZTW5CU3hCeUI1bFIwbHhQZl9XaURRWmRMdlBxRnZ0aUZ0ZFU5SGxXc2pDUVR3aEEyci16YTIyWXNB?oc=5
"BrightIT hiring Product Owner (Implementation) in Toronto, Ontario, Canada - LinkedIn",https://news.google.com/rss/articles/CBMijgFBVV95cUxNTHA0ZTJVM1lVaUtqVEUyUC1LMUxCQXd1NWJKWEdxVUxPNVR4X1VRMXYzTEVfR1ZHb1J6QjBsazlBR0pHWTNUcTViZXRmM1RzRlUwZnAtUm5wb3VhRVQxY09zSUhsT3VtUWx3WXowTW82T01kSlJ1VDFRTWNQSEdmRmVQS3pBMjQtY3dYSFVn?oc=5
Crossing Hurdles hiring Senior Financial Analyst | Remote in Canada - LinkedIn,https://news.google.com/rss/articles/CBMinAFBVV95cUxOQ0tLSmJXcGkxaDBwS0dIaUlickxlZEZkT0VuYnI4aWZRVGZGQkFPMWRqTThubGJaN3ZfNFJIcFhZR29UWmRtV1lyMnFEaFJFSlVISXpuR29GUG1WdzZJdHNFaENhMzR6UG5tZ19LSGIwUUlteWNnRy1tVHQtMktuZXpLMVIxTXRwV1JZOXU4SXRQTmV4LWNRQjBnWS0?oc=5
Senior Business Systems Analyst - Indeed,https://news.google.com/rss/articles/CBMiXkFVX3lxTE5nN1NKOFJHak0yQXFEWUJaNzFDM2VmblRpTlItT1Q2allOSHgxRkxhRk9GZGZSRm5VU1I0Nmc0SEtrWXBmR2VQVF9KUkFmdEZobmYyazd5MlRqMWpNTHc?oc=5
Reporting and Analytics Analyst - Indeed,https://news.google.com/rss/articles/CBMiX0FVX3lxTFBIYV9HbG05S3lVUlJIRDlTbWhDVmR1YXBqbmJsZF9yb1pTVVBGNkMxM0pVMmhQQnBNWHBqLUpmSUdfbG1la2wxRVo4Sm1uTXJjT1Nxd3JZaWVGYUxZQWRZ?oc=5
"JamLabs Data Science hiring Senior Business Analyst in Toronto, Ontario, Canada - LinkedIn",https://news.google.com/rss/articles/CBMilwFBVV95cUxNWU9PblZrWGNqTHMtMGpIU2x6RnRrZGQ2ZUlUYlp6dThoU1BxS0djdjBhZWlEQXN6XzhqSWZjbzJOY3g5VEk3MGZsN1QyaVlsX3AyM2ZFYnY2dEw0THNjN1VMNTBJOFhJeS1CaFc4MTUwTHJmenRfSmQ2OW52VERBRWR1U1FKX0JqaUFmUGllVjZIWXR0ZnhB?oc=5
"Lorven Technologies Inc. hiring Business Systems Analyst in Toronto, Ontario, Canada - LinkedIn",https://news.google.com/rss/articles/CBMinAFBVV95cUxOREc4WkhmQzZPdENnQi12elRkQkt0aVNVU0txaFhWWXpYMUtTaFBRYVY3eUxKdjh0TlBVN1I0djlXMWtpSFlvM01iVUlRMy1ZakpRMDV6RFBsRGpLdDZUUTdSSU1zWkJyTmo4RmhUbGZLcGhOZjNIanFXVWtXZllNSFYwTGRQSzVoYmdNUFljeTMyeHM4Z3NHb0Y3R0Q?oc=5
Senior Cyber BI Analyst / Sentinel Data Analytics Lead - Indeed,https://news.google.com/rss/articles/CBMiXkFVX3lxTE50T29TR3FtWVBHMldJajl1TUo1MndNVklOQ2dmR21Od1RDR1JFNS1NbTgtRnB1YThEMDV3alNUbEs0d20wLW1oS3Zpd3VCaGJRYlRTUmx1QVNtd205TWc?oc=5
House of Web3 hiring Crypto Research Analyst (On-Chain / Ecosystem) in Canada - LinkedIn,https://news.google.com/rss/articles/CBMipwFBVV95cUxPeDU5VjJMQmg5UGNZQWVtV1lfUHdicWpzWG9SamxqOFNMcEZ4ZHFaWTBWMDZDemFXV1ZGQXRlNGstLWI5U3JXczhPam1rRC1uM3p2cWFBTWdONkxIR1FoR2ZubUlyU0hKU3NIWnl5alVYSUNjNlFyc0RRSm1adlI3N3I3dC1Tb0RNTG1GVkYtYzBBQWQxQ254a3haakttbmJJNzFyWjdiRQ?oc=5
Business Analyst yearly salaries in Canada at Canon Canada Inc - Indeed,https://news.google.com/rss/articles/CBMiekFVX3lxTE1FMUdlNnk5YzFBRTNNUnRDcDVNWVk5LVB4WTZoM0U1aG1fdFByNTJLcGtZTGNKdnMyQ1VvVmo1dXh4TDJrQ1pFZkpUS2xXWXFKMDJWYWdIT0dyLXhSeXJaNVpfd1ZwMy1XQ1M1MWp6T1lRaXZLZW5lUzFn?oc=5
Financial Reporting Analyst - Indeed,https://news.google.com/rss/articles/CBMiXkFVX3lxTE9tR3RJUndCTzYyMWM3YjVkQTE0QUMtWXZ2RlBBOFFQQlF3MlNYaWgwakxwVVF3VEFBUXF0WjkxdFMtRHNzc3kxYW9MWjFOS3VUMERnXzc2S1NCa1NHamc?oc=5
"Questrade Financial Group hiring Analyst, Registered Plans Tax Reporting in North York, Ontario, Canada - LinkedIn",https://news.google.com/rss/articles/CBMisgFBVV95cUxPOGkwc3NNYUVuZ3FITVl4amxDZ0E2djV6Z2hXNTdPdzBmYV9GcmpTR1dKQ2FqQWk1WjZ2NEN4VGtJV1NEYjJKVFFzOWUtVXN1VldzUUtPSFYxaVpQNm1WWUhxS0lrVlo2UGh1Snc5XzkySEpXNXRvWnBaUThnM2w2NzJ5WEhYc09WNUhWYTNnUDE1bEhjS0lMNkFCa3pucmNrbGZjRm5MWDFQampOalM5b1Bn?oc=5
"MaRS Discovery District hiring Analyst, Market Intelligence - Health (Contract) in Toronto, Ontario, Canada - LinkedIn",https://news.google.com/rss/articles/CBMitgFBVV95cUxObFY1TlpWSm9rNVZHTmlBZzJyY3dhUElLRFIzTVlpcGcyVVdiVGpIcjZoRXVydUNKM21keDJpZUhIaG5uN2dNREVLdU1Lc2cwbi0xek5NMU5SYUhBY2M0dURUcE0wcklvQWh1Rld2eEF2Wkh5eHJTb2JEVWhRXzVrMzhNeFpEVTBHY1dqaXBvYzF1ckJ5Xzg4bURrLUdkWnpyMkJNdm5YcjJoSFlwSGtEcERSS01QQQ?oc=5
"Tekgence Inc hiring Business System Analyst in Toronto, Ontario, Canada - LinkedIn",https://news.google.com/rss/articles/CBMijAFBVV95cUxOQ2tFN3ZYZ3QzNVJVM2ZBdWIzZUs5TFN3cHhudDIzM1k2aEdmSzFGQTd4QlhlUEdKUjk3eHZScmZKMmhfR2xpQ1d5cWRrR1owVUxIR1FkM1MwNEVsQ2FjbWhKY3V0S2M1Q0VtbVM0WGo4R1dTNUlEejZaWXFvaXBvdEMwLU9kQUs0SFlyZg?oc=5
Operations Analyst - Indeed,https://news.google.com/rss/articles/CBMiXkFVX3lxTE5udXhTLS1qUk5iQ05aVVVudXVYaGp6NFRFZ25ybi1SZVl2T0dHbFdjZ1RHLVh0d2dlQkpGX3ptQ2tUWHZMR3lFbmxhU1lJeERHMXhvYTNIQzQySU91NWc?oc=5
Lead Business Analyst - Indeed,https://news.google.com/rss/articles/CBMiXkFVX3lxTE9xQU4wVTI4a1N0eXpjNjhwQ3JWS3BQd1lVNmRVQVBEU0tDeHJua3FvSUtzX3R3MGdfUlo3X2VJMFptNktJemhnYjdlUnlISEFIalNib0ZseVp5akRYcGc?oc=5
BUSINESS INSIGHTS ANALYST - Indeed,https://news.google.com/rss/articles/CBMiX0FVX3lxTE9UOTBla2lzZldTdTFXSGN5NFlibkJhb2NlMGdVdGpidFVoWFg1OHJ5bFRvNld6SE02b3FTLUVkSTJaRkpXbGxHOFBBR2I4Rktxb2M5UElVbkR0MjdISzFn?oc=5
"Superhuman hiring Senior Financial Analyst, BU Finance in Vancouver, British Columbia, Canada - LinkedIn",https://news.google.com/rss/articles/CBMimgFBVV95cUxPSTVlUUZ3a2tWcXg5eFNGSkRsUEVmYjVBMU5hT2czUHJPZWN2Y3NkQW1sRjVFWVhSRThKYnJHMm15dy13VWp0Wm5ZMUd4MjlDUzlJb3pYWkdRVXo2ME40bVhIZVdkTUpXNkRqWE0wdUppOC01cFpBcXRmMzBQTnd4dU4wUHZFcV9EYjVrZlRGWDFHQV8zeV9DN2Rn?oc=5
"Discover 50 Senior Billing Analyst Jobs and Work Opportunities in Toronto, ON - Indeed",https://news.google.com/rss/articles/CBMihgFBVV95cUxPeGFMUUFCcVlBTlZCaVJmSUJyT2tzV0lyWFVVSVZ6cHpRZlR5dmNGb2pNdTB6U2lFRzBPUlNfVDZmQ2ZkSmcxWjczVVdyS2FpNFdKNU91dnpLcVVacy1iaFVNOG9TcG9XRk1yWlFOTF9kXzM2eWpyeEtLRVpKcW5pS0JoRlFCUQ?oc=5
"RBC hiring 2026 Insurance, Fall Business and Data Analyst (4-16 months) in Toronto, Ontario, Canada - LinkedIn",https://news.google.com/rss/articles/CBMirgFBVV95cUxQOWdZU1B4elJGYmVwb3NQako2TU1ma2psZ1F5UU1WQ0dnQ0hZRE5rUVFzcGhLaVJPRE5paGhmVUt6V0N6LV84SDlwZURFRVNlZzlNd2FHUVJpbUlnb0tTYXY1UHpESlFDMUhSRkhHM2h6OHNSV1BQNnZMM3g2Q1Q5SjlMNjZKSjl5bFBHaUxGWkNwa2xtR0d4RkkwWDRWN1dsOWUzeC1JS1ROZU91WkE?oc=5
"BrightIT hiring Product OWner (Platform) in Toronto, Ontario, Canada - LinkedIn",https://news.google.com/rss/articles/CBMihgFBVV95cUxPS1JaZzhzakRad0lWQk9panJVa19JX3RMdUlnX3BDdlBvNTJJa1BZLWJzMnRfQjdBQnRBM1NvNUZZcmVlcEtRelhWbmpCcTJiQ1BIQzNNaFNfUHNqbksxalpXWTlZUF9BcXVHdmh6OVVDTElpOThQdGJsOWY1ZmNTa1EwaWJ0UQ?oc=5
"Business Analyst yearly salaries in Calgary, AB, AB at City of Calgary - Indeed",https://news.google.com/rss/articles/CBMiiAFBVV95cUxPN1JKaFY0MlBCa2pUS3pjWkx1MjExRlRJSEF2YXgwX09JR2JVdHlla2NtY2tySXlmMzhrQlpXbXBCaDRVSk9tNkN1bG5WbkNLSWRFWVJNelNOVEFiUVRVUnlaRGFQc2ZERHY3b05FbVU5UEJwdHUzczhCNUQwOUNTUmlpV3IxQm95?oc=5
Product Analyst III - Indeed,https://news.google.com/rss/articles/CBMiXkFVX3lxTE9SVS1YcFR0N25wMmZnLTZvM0FjQnA5UldjWlpTcTRuYXBxREZpSFhIOUdwQlN6UkU3MVBGb1BxZzVGdHlrUkdBSTZqU2tleHJfaVpjNE05S2syTWsxWXc?oc=5
"JSG (Johnson Service Group, Inc.) hiring Reporting Analyst in Calgary, Alberta, Canada - LinkedIn",https://news.google.com/rss/articles/CBMimwFBVV95cUxQbk9LdWNyR2UxVnprUGROYnlVZ3hyVTFLMnFMcnJ2Tm1EMGVfMGZHWEFkRUlFRWhCM2VQWjFQMUJLSGd4aEhRbFJRTDkyWVhrWE1tUlIwa3J3alhhc0F5dkY1TGZET090MVJrcENhaEkxTExNQlZ3WkVFdjFjanE2LWNyTWZSdi1IdmNCUFllaC03ME1GQ1FlNWk0Yw?oc=5
"Net2Source (N2S) hiring Reporting Analyst in Calgary, Alberta, Canada - LinkedIn",https://news.google.com/rss/articles/CBMihwFBVV95cUxOS3htWEE3dV9DUVVHTDRlVzNqeDNXcnIwQy1pMnJXYThZQ0RobWFQUTh6SVNCTGFGQzRzNldOckJqekwwSkZMREc0YThRalE3WmxLQ1AyM0Z0Wlpqb0EwLUtDSzJNTkY2aGZCMjZyS2J1YURxQkZKTDN2eGpLbHdBMGpWZjVvem8?oc=5
Senior Data & Business Intelligence Analyst - Indeed,https://news.google.com/rss/articles/CBMiXkFVX3lxTE04bTZjQWFPQXBPeF9YbXY2bjYwdjdud2NyR0xZaXpLNnlWUnpYWWZRZlJEeE8zTGxDbHFlbE9xNVFMcF9RMUx0UTJuX2dPY1c5Mm5tV1ZGU3JEem1idHc?oc=5
"Amrize hiring Aggregates & Asphalt Operations Analyst in Calgary, Alberta, Canada - LinkedIn",https://news.google.com/rss/articles/CBMilwFBVV95cUxOaVczLVE1TVpFLWFuWkpJdTV5Um9feTFnTVRzdm84aEZ3d2NxZW9YNmRLS0FWU1dWWkNzb1pVMHNYNTZ0cWxkNGJ3ZTZ5blhJZkgxb0RERUJFcWp5NXNJMTJjdnluM0lvSk1YeEVTd2szNDE0dXg4bVdqRWxSaWpDOUhxRVpaX3c1a3B0ZVE5ZFpuM1N6NDdN?oc=5
"Proforce Personnel hiring Sourcing Data Analyst in Toronto, Ontario, Canada - LinkedIn",https://news.google.com/rss/articles/CBMikgFBVV95cUxPdmdjUHZRXzFicHVOUXpXQU5vYUxua0FJYVUyRlRsd1JrRmp2OHRkZ1BDaXNJemxSRktUNTR2anVBQTk5Z1FJRXpyVWNac0hWU2xNRHlTY3BMOHA5TGdYbkZYQ2k1TFQ5OFJueWRhR1d4d0RGcWtFMlliRG9IRXBKdFctYkxHTTNXeGZtclp4NTZVdw?oc=5
Discover 200 Senior Business Systems Analyst Capgemini Jobs and Work Opportunities - Indeed,https://news.google.com/rss/articles/CBMigAFBVV95cUxOenJmVGQ2bkJzRG1xcC10ZVhtR1JRdzZwYU1sRHpLbnhzV2hlOXhxMElvcnhuTDVOa2ctblZlQzBTTnhDZ3VwcHVjckhMLUxmd1RfOWxlMElfUmhPM0Y2Y3lfOFZuRUNzWTU2dXNueXA5MVdycXVyem9nRHNqSnhjTQ?oc=5
"2026 Wealth Management, Fall Data Analyst (4-16 months) - Indeed",https://news.google.com/rss/articles/CBMiXkFVX3lxTFBVZV9adFhmaXlVQWktSmZFd3BhYlAxLUk4RjVBZkNVX1lULTdWeldsRDFVOFVWcWJlNmZ3Z01tMXdYSG1BX1M0ajAyXzFJMFRxOUk5NVdhYkNWTS1iSHc?oc=5
"J&M Group hiring Business Analyst in Toronto, Ontario, Canada - LinkedIn",https://news.google.com/rss/articles/CBMif0FVX3lxTE1JOVZaclVyWkMxdnZWX3FSX3ZDTXJRRTBKS2U2ZEFnT1BNOUlHdjhnbGM1WkRZa0ZlcEQyVWVQeF9YUm9xMkpWLUV5NjRmM0l0bEZzeWoyQmg2cUxjdS1lVXZwSTZoQnNHZHIwOFBxZDFWZVJrUVdjbkFVc25ETHc?oc=5
"Dexian hiring Product Owner in Mississauga, Ontario, Canada - LinkedIn",https://news.google.com/rss/articles/CBMid0FVX3lxTFBUTXduZHdmODNCV1FheFYzVnN0WmhSdGVrQlZBSXVOYTM2VDV6LVV2RlVPVC1EdWNxcTN6N29nNTFSTGwyelRicDFiYjZ2ZEtoWFU4UWNxRjFfVHFla2pkMDctREFwX29oSXlPVU9qZXBRVUs1akJJ?oc=5
"RBC hiring 2026 Insurance, Fall Business and Data Analyst (4-16 months) in Mississauga, Ontario, Canada - LinkedIn",https://news.google.com/rss/articles/CBMirgFBVV95cUxQOWdZU1B4elJGYmVwb3NQako2TU1ma2psZ1F5UU1WQ0dnQ0hZRE5rUVFzcGhLaVJPRE5paGhmVUt6V0N6LV84SDlwZURFRVNlZzlNd2FHUVJpbUlnb0tTYXY1UHpESlFDMUhSRkhHM2h6OHNSV1BQNnZMM3g2Q1Q5SjlMNjZKSjl5bFBHaUxGWkNwa2xtR0d4RkkwWDRWN1dsOWUzeC1JS1ROZU91WkE?oc=5
"Global Technical Talent, an Inc. 5000 Company hiring Senior Data Analyst in Toronto, Ontario, Canada - LinkedIn",https://news.google.com/rss/articles/CBMisAFBVV95cUxPZE5ncHd4MUJsNjdYSnpQcFdCbXhZQjZiYVJKR2tFaGR0ZjlEeklpVFZXcnlwODJQR3lMX2xjMVhKSU56c05zZzgwWFNTVDBZdGM2VkhwZzlBYmlITWVPeEMwVmFESHJnaWxaM1BTZ24wUlRIM2t2UldPUjBjNGVUQ1lja3l6cG5LRzJrWlNFaUptMXRfMDJMUGNHSDEyb1lKaE5uQThpUmdqWFhXNlRFYg?oc=5
"Mercor hiring Security Analyst | Upto $120/hr Hourly in Toronto, Ontario, Canada - LinkedIn",https://news.google.com/rss/articles/CBMimAFBVV95cUxPeHU4a3VFM3p1WkFvSTU3cmpoeUhTZ0NLeVVCbzNVcjlxejEzaDBMN3JZN3l6cGxfQktDRGxhcTR1YzRkdnJLWk1XT0FGcUdfbTZTaFYtNmpXcEdLZ0pXLVFwT0lYSWNDeEd2MHh3bnVRY1IzNkFGV0w5VnYycjlyRnQ0aDZmM3VENGNZNmFTenVRbEJMQW5TQw?oc=5
"Analyst, Institutional Client Reporting (15-Month Contract) - Indeed",https://news.google.com/rss/articles/CBMiX0FVX3lxTFBiYVN3eTNObmlwZjFpUzNxZW93WHY0Q0tPdUNGMmk0T09wcEVmcVNuTnoxdVBoU1A0cHVUbEVNblJJMjRJZzFIMnoxTFAxRWZRbjFnUDlVdmZKd0lmcmhJ?oc=5
"Airswift hiring Cloud & Collaboration Analyst in Calgary, Alberta, Canada - LinkedIn",https://news.google.com/rss/articles/CBMijAFBVV95cUxPWi0tU2Z5aWo2X3V3SFhNUWJoLTlFSUJJaUR4MkZ5ZkpvLS1OdHZaTWJVc0FPY3JhQ2NhS3B5dUFDa1BTb19IamYtMmY5Q0xEdmtqNUJvRXNkdHNXTm1TTGNILWdpa3pLeGVUWU5Ja2NVazZjZ2s5aGJBRnQ3MWh3XzZnZ1k0V3RNUFdEWg?oc=5
"Maplesoft Group, an SEB Company hiring Operations Analyst in Mississauga, Ontario, Canada - LinkedIn",https://news.google.com/rss/articles/CBMingFBVV95cUxORVlQNHVadkdvMkVjR1JPR2s2aVA0ZTBGSWtFWllwbjJTVVNONU5xNFEzN2x0SlNsRHp2TmN0S1ZBZTJRaXJ5dm45WHZETFN4UlVXaVVqR0pOSHZoeTBKWmszNkMzaGc1TWE4YXVwV1BGbzNYNWlHZDZtN0UtM24yMldnMDVPRDVKMjYxQU94SjVFTllCOTVUV0RVOGMydw?oc=5
"Insight Global hiring Business Analyst in St. Jacobs, Ontario, Canada - LinkedIn",https://news.google.com/rss/articles/CBMihgFBVV95cUxNYXhCcVR3QnRFWGhvREEwNE1YTmsxbUZpUDhucV8zZ2w2b3lsZ0dHWlM3d3FxRGQ5S2VRM1YtdUZEOHc1WjBRYzR5c2FrWUpncHVZa3FoSFFBU2dBZHhCeE9XTmdWV0NhOXk5NFVLOHJMU3Q4QlV4cnc1aFFUS0oybUtVeW1hdw?oc=5
"S M Software Solutions Inc hiring GOAPRDJP00000890 - Data Analyst in Edmonton, Alberta, Canada - LinkedIn",https://news.google.com/rss/articles/CBMipwFBVV95cUxQbTkxamQ4elppLS1vSktSY0UzZm0zYV9YdXJ1MU1IOEFwc1Z6RkY1OWdUc2dmMllmNjJjWTNzNXZ5c2tRcVZtcExVUjhxU2RqZVNrSmlwTUNjQVdsYTZGaVFaSkZXblgxWU5vMldJS2pxN1R0dkE3QVBlandHb0hWUi1leXpyRkk3cDZjOV9HLVYwczR4ZzN5Ny1UcFhPblhPZ3M3WXZVSQ?oc=5
"StarTech.com hiring Data Analyst in Toronto, Ontario, Canada - LinkedIn",https://news.google.com/rss/articles/CBMifkFVX3lxTE1DWGFZUW5aNk9xZDVHRlJrZmJ6WmZUdms3X0FpUUEtc09iclJERFc3a1dJNG5OZDJSUm0tUVZ2cENCT0FFZnZjWjBqMDd4NmRCWFdqYUFHRmtRZTdJR3RfZEpfMl9NS3dpNDFTVHBEMGhwbmpUZW9EdkNEUnprdw?oc=5
"IT Connex hiring Sr, Product Owner in Greater Toronto Area, Canada - LinkedIn",https://news.google.com/rss/articles/CBMif0FVX3lxTFBZcWVvSWg2Wlh4VkN1dXZVeF96YktCUFJVNlE1SkVxaHNzeDlvcUNUdS1VZENFRDFKcGl4eFdzbWxGVXhnTmlfcUNyOTZNUFZzOFFtMWcyTXlrZDR3TVc0TThMaHpmc2JGMnlWNUdTNFdMQm5kYTM1eS02NjJQOFk?oc=5
"Sun Life hiring Senior Data Analyst in Toronto, Ontario, Canada - LinkedIn",https://news.google.com/rss/articles/CBMiggFBVV95cUxPSzFxVGpYemloX3l0ZHlDRWc3cTM0bHhvN3hLMkttdmpTOHBLSzRjWWd0bmtMM0JyaUZZMm9obS0tNC1GSUVIc0VGOTd6TnFHMjBtelRBOVhjWGtjZjBGTlZJelh3SXluNlVCcjRoRGNXdldKWV9mRkFtemhVZWhKVmd3?oc=5
"Inceed hiring Systems & Reporting Analyst in Denver, CO - LinkedIn",https://news.google.com/rss/articles/CBMiiAFBVV95cUxON0h1dlk3dTNtckJEU21aRkQ0eFZPaWtITWJhUzhkNUJnS2pDekJ2LWo1Y3dKOEpCZHhVQm5PWl9MdVE2S0E0UmhWeHM4Y2lHdmhHNElqZTVGcjFyLXIzREEta0JtYmwwcjVfcTJCbVNaZWpMQ2pkXzBNUTdSdWd0QnZDT084WjJX?oc=5
"Deloitte hiring Sr. Data Analyst in Toronto, Ontario, Canada - LinkedIn",https://news.google.com/rss/articles/CBMifEFVX3lxTE05OGdWU2trZklRSXc1QlVkalp5cmRlaHVUTTlRaTFsYjUwVldVYWUzSGYwRlNJWm5XVTZmVnJFWjdlc242LTZEV2E0Y1ZRbFNhalFXc0dTcExzQm9hMlowakxmVV9JNnhIczZscE9BNmNySGlBYzBZalItemQ?oc=5
"Scotiabank hiring Senior Digital Product Owner, Self Directed Clients in Toronto, Ontario, Canada - LinkedIn",https://news.google.com/rss/articles/CBMirgFBVV95cUxPUERwWW5NNUNpR0RqQWNPaFQzdy0zRGgzQzl6V2p4ZDA1UzNaNDh3Z25yUkd1THhEVWp0N3VDOVhKTTdwbElXTXF3c2cyUXNZQ0VUM2ZvdTNock5VVkRjWEpldjAwb2prNVd5X05xRGltenh0SUNrbk84MHJOMHd4WDhGV1NGNWNvWkY4TWtWVW9yZFk2Nk1RdGI2RWxFeldaT1AycklMbW5YQy1lV2c?oc=5
"Business Intelligence Analyst Jobs, Employment in Westford, MA - Indeed",https://news.google.com/rss/articles/CBMihgFBVV95cUxQZGdqdjJCUllud212dUJmYUhLTDBndTdMeDU0dHNBdWZvZTNiV2IyTUZqVVdFX2VUZEVDZ25fVXg4R0lobWwtOExHYVJNZ2FhcjJ4N0h2OU5wUUZBdXZlZFRBZ3VnZVRoVkJ0UnFzb05WbVJlYUNxeGJHYTFQc3hYM0d3UW0wdw?oc=5
Hiring Now: 6 Part Time Business Analyst Jobs in Remote – Great Pay & Flexible Hours (20 April 2026) - Indeed,https://news.google.com/rss/articles/CBMiggFBVV95cUxON0pVbW9zQUxxU2ZQMnhZUkljNjBGX3h3a0VBSV96eUt5Qm5FS0Zqbl92TnczSWtrbWhXMllTQllzeHptdVY4VWxQcXcwUTQ0eElDNXFRaGwyaU9QZ1NiZGZnZUNFc3JaWnZzNVVMLTAzNXFFZ0ZtelljNVAzVFJsVVhR?oc=5
Business Analyst yearly salaries in Canada at Canon Canada Inc - Indeed,https://news.google.com/rss/articles/CBMid0FVX3lxTE1mOFE2eHlyM3dWOU52aTk1RTZtTmx6U1RjZU4tWVFPZU05RGNhSTQ0SWxiUFp1R3Qzc24xTnJWc1M5czQzU25UZUhQZl92azVyckJxa3I1bDNzUGZOWllpYjZETWdBM0d1S0dBazcxMFVDYWtwRkJR?oc=5
"RBC hiring Senior Product Owner, Digital Exchange (APIs, Open Banking) in Toronto, Ontario, Canada - LinkedIn",https://news.google.com/rss/articles/CBMiqwFBVV95cUxQek5Fd1hpdF9rU1BIYWpqMjhmVFJZUWd2cExHMEVSUlBtTzhrcUtGTjRCTVQ1eHlNMHlIejhpbXFlNC12bUtTcEtUWEhrZGFrZWVaNE5tYjVFajFlN1lqSlF3Qmt2Y2NPZzMxcklMYTctcXc5WVdKVE1sZ19QZkFDVEFjUEpINk9fOUIwMlU5bWdPZGRpSDhJaVhQNUtISVh5Sk85aHdUdVVNakk?oc=5
"Alquemy Search & Consulting hiring Senior Data Analyst in Vancouver, British Columbia, Canada - LinkedIn",https://news.google.com/rss/articles/CBMimAFBVV95cUxPRTUycEhnSDY5Vk9sejlnRDBwVzVYQjFqcFl4Um9NY0hSeHJYRThuYy1RSDlCeXBoeHBSUXFIejZpT2Y3a29ad2ZJWjNQdXVUTFhUUWVoeUFPN1A2RGk4TFNzYmp3YmlSSGhoTXJBMWxObmFKTFpPOHpNZ0FqMHRYYm9FNkpkUGNRM0FxTGQ3S1poSGU1TkgwTw?oc=5
"TD hiring Business Insights Analyst II (US) in Mount Laurel, NJ - LinkedIn",https://news.google.com/rss/articles/CBMiiwFBVV95cUxNdFV1OFRQcG0zY29qTWkxT1dfQXUyNkdkdFBfbnpfMm9NdHRrMHdmRkZFZFNVMHM4Sm1DU3IzTEo2ckRGVFFxYXZHNHcyYmoxMlNOSU9XWE1HUVY4M1F4VW9ya0sxY1JJTG5Gd3JBTGpCOGc1QklZQ1dZZkdLaWYzaUxUUVE2RDVuNmc0?oc=5
"Citi hiring Lead Business Analyst in Mississauga, Ontario, Canada - LinkedIn",https://news.google.com/rss/articles/CBMif0FVX3lxTE14ZjFZNnlIQmZzNzhZLUd3MnZOOFhKaU5NU3BTNVhleTFjbUpnLU9xR2tVaFVibS1OWnN3VHE4U2pWMm8zLThCZ2llWHBLRDZYRVZoRXlmaERKMWVDZndqY253WkZxYlhieTdoTzllNk9OWWZ3QVhoV1lDYmNsRXc?oc=5
"CIBC Mellon hiring Senior Tax Analyst, Financial Reporting and Tax in Toronto, Ontario, Canada - LinkedIn",https://news.google.com/rss/articles/CBMiqgFBVV95cUxOUkJrVlgyOV9QSUhYMFZUX1MteUR2akVxbV84ZWNwdmo3V3lNYmxJVDVBUWxSQ2xZSHZ1WVhGb3Y2UkFna3lOaldLN05hYm5JcXFFN0Jqb0Fsd1NRNXk2MnZuYXpqYnNENjJoWk9RMV9YZjJFdEVLemg0R3RzQXMtRjgzQk1UOTZwWWRBcVAxaUl0UkNyZGR4Z25wc1V6eTVnNWNXUlBUZjNtUQ?oc=5
"Analyticsmart hiring Category Analyst in Toronto, Ontario, Canada - LinkedIn",https://news.google.com/rss/articles/CBMihAFBVV95cUxQTkg1S1d0MHVoVk9XdHM3V3JOR0JyX1duTl9veDVrSUpta3M3V2lsVDlDVnJlTk5UcWYxT2VST2FSZGVuNHJ4ZDVGSG94UUdnNDZuSDBnaTNJcmhiZTY0MGNMUHNqLTItV0dua21jLWxLVFRIbHRoa2VGSG5MY3JjTktJcGU?oc=5
"LHH hiring Senior Financial Reporting Analyst in Portland, Oregon Metropolitan Area - LinkedIn",https://news.google.com/rss/articles/CBMikAFBVV95cUxOT1pUYVdDSUV2Skd1bG8xUXdYeHZZc3gtRkI5LXllbUpJNXFxZ2tWSGRNRXJVTVFsSmJXR1l1YkdEUVp1Y0FkVnVUTm5XWkZpei10NTBmRkpHckRPNlhaVmtWczEtR2RCTmppd21HZmVQR3dkMzhiVzBWa2lfd1IwOXY5YzdQLUszaWdnUDlpYWE?oc=5
"QuadReal Property Group hiring Business Analyst, Anaplan in Calgary, Alberta, Canada - LinkedIn",https://news.google.com/rss/articles/CBMinAFBVV95cUxQOTFydGFla1UxdzFrSGNtMEw3R3JaSG9WSHotSzJRcWtfS1hpOWNGWmJtd1Y2WVpyRkVycFhzZEMzVlhXQWFSRU1GaEpOd3NIeExfcjdCWGFwYjZ2SmFHdDhyQmZEOUlnOU5pZWtBT3A3RWJ4N0ZYcWFTV0c0eFFRekNLR3psZlV2OFVTZUhkU0g3R25YS09EVVNtR1g?oc=5
"Airswift hiring Business Systems Analyst in Calgary, Alberta, Canada - LinkedIn",https://news.google.com/rss/articles/CBMiiAFBVV95cUxNaWhPS0FZUWhsN0w5OE9BN1l5MF9sNUVpMnpja1E0UXdsYnRfaWdKUlNDVnB3TVZhTmNhNWEzU1ZmQkNVM3BBcmFYWmZZVFZSQzgwWlJFUy1POUxEZEtjWFFBZk5ucFdsMUc1bGZuaFZSeGxPdi03RFdXOVlqNG5pSWVrdHdvWm9H?oc=5
Operations Analyst (Legal & Compliance) - Indeed,https://news.google.com/rss/articles/CBMiXkFVX3lxTE1MZlhZcUl6bW84Q0ZWYXFIZGtEUUMxQmQwTjZoWFFXSW5fb3ZWeHJLdmFhOWZ0aEIxLV9WaE5iS09nc1pyeG50RzdtNzJ1MENFVC16SHEybFA2am9nTXc?oc=5
"TELUS Health hiring Senior Business Analyst - Requirement Specialist in Toronto, Ontario, Canada - LinkedIn",https://news.google.com/rss/articles/CBMiqwFBVV95cUxPNkJ5b0RuRXk1a1hURUs5eGtuTGtkWktjRUNtUmp3RTAzaVRGQlBEblNMQWFwYlIxdDhnS1d6ZUtyS1dkNFVucUFLQTB1MzRuQVJhdG51WUhKb3dYcEZmQmtBdG5XU0g1d2Y1cElwU1Jydjd3SDRsY3V0a3Jpd3hZU0NBSXVhNERUZWFFc1ZTakdWZ3pNaEVqd1RpeW9OTnRONWYtUWIzYmV6RlU?oc=5
"Wawanesa Insurance hiring Associate Product Owner in North York, Ontario, Canada - LinkedIn",https://news.google.com/rss/articles/CBMilAFBVV95cUxNQVl5bHBrN2dSRWh5ZnB1RUtrVmY3ZXphTWhnNTZyZ1E2UmJRTWpsaDN2VXktS044ZHBnN2JydEtPU2gzTEZJaXo1RFZmRjMyWGJGbDdpTjc5R0xQYXNjbHpYTGRpdTJKOUdJTU43QjRzbkltQ3BlZ29YUXEwT3BkcGJHZ3FuNTVxRzBPcmhkX2puT2ll?oc=5
"MineSense Technologies Ltd. hiring Mining Data Analyst in Vancouver, British Columbia, Canada - LinkedIn",https://news.google.com/rss/articles/CBMimgFBVV95cUxNRDgzcF9KNE5WZ0RranVCWmdQOGdwbmVwWWp0cmhkS2lSQm9SdDJKNjR5T042SXEzcEJCODFuYzdlS0FzM1VsVm5QSWo3d2VBU1BwY0NtYTZ2X2ZLS1E5UGZlSHcyaHhyR2k2VXdoMTZ4Q3dsNnBqX21pTHkxWFpGZmstOER5TS0zVkRkcTB4ZXJCWkVsaHJYQmJ3?oc=5
"Nityo Infotech hiring Business Analyst with Reference Data Management in Mississauga, Ontario, Canada - LinkedIn",https://news.google.com/rss/articles/CBMirwFBVV95cUxPdHNIeGJqdWk0OVJDWEo3UExUa2w1NHV1VnZWUi1vX0k1V3FlTHE2cE5tMzlGVWR3Y2Q3RjBLc1NuMnYzZWtnVXQwV29ScnF4cndlSl95QUZXeDRpQmg0ZnhrQzd5WVJKRzllY2xaT3REU2tlN3JfRzctNE5MYzNha2hSNXN1UGx6SVhFYkUyZ0F0X2loaThCcWVGOVI5N3BFMXloeU1IQWVxMGo5ZGtJ?oc=5
"Senior Business Data Analyst - Assumed Administration, North America Life (NAL) - LinkedIn",https://news.google.com/rss/articles/CBMizAFBVV95cUxQWmVIM0lCRUptQlpGdG8xa1ppdnhnZjNHamRWemlEZ2ctbGpKWFpnM2ZfV3hTdHBxUDlMd3NyVFRLc1RsM09PQUZxN0t4S2lnSHJQUWl1V0M3MzVLdlZFOUFsSk40WkxKeHZOZVE3SzRrTml4T1gxa0RZZWl1VUtlU05PVWxCRmZGdkhZUTRsaVB4S3dLOG1HblUwSFM4VkZBcGJuVm01clc2cWl6S245b0FZcmlaell4WlNmWERuaXZIMTFDY2c0UUNpRlo?oc=5
"Jerry hiring Operations Analyst (Legal & Compliance) in Toronto, Ontario, Canada - LinkedIn",https://news.google.com/rss/articles/CBMikwFBVV95cUxNbFBmMlQ5ZmtCcTlTZ1c1TW5OV1FZZXltWE5rTDBtcVdRekdaU200ZTc5S0VvdktLQk1ZamVDZDdEVG1HS2NBQ3I5T2t0ZXZ3ZFRrTDlZX2RHcXVzLU45T19FdnlyaTh1U3ZscGFoUVI3T0N2Q3FsejVJdHNJek9aaTNmTVl3bU5wQW9COGc4XzRmVE0?oc=5
"TekStaff IT Solutions hiring Business System Analyst in Toronto, Ontario, Canada - LinkedIn",https://news.google.com/rss/articles/CBMimAFBVV95cUxNLTBlZmxhU0JyNUhpZTNkRmhmTFZFY3E2TkU0UHB2RmhzTkFjVjZ1aEpPZE5Vay15Ml9lMjhkdjJ5T0hlV0xNdURUajJ1Sm9jc3RfQkRZODJiOW9wdDdZWWR3QjlqVi1NWUdFNl9mMU5PaVhxUlBVRGdWbnE1NDZpTXdLWUMyWU9HTWkteU50OEZQUDd6Y2RCSg?oc=5
"Insight Global hiring Business Analyst in St. Jacobs, Ontario, Canada - LinkedIn",https://news.google.com/rss/articles/CBMihgFBVV95cUxNZjhUaDFUNDJZWEVXOUhoaVZINmtxcmR1WW4wWUtkZDRGakd4U19Qa2RYWFVQTmZpWEpDX3ZCcU5FNVZTeGxrSXYwSXVKeHRFN0ZWOWdFV3lJc2ZQbmRlRFBod0tHXzZhblVpVHprZGgxWUFNRGtvYWZ4Sk5WRWNKaUJFaGFPZw?oc=5
Senior Data Product Analyst (1-Year Contract) - Indeed,https://news.google.com/rss/articles/CBMiXkFVX3lxTE1JQV9vNU9WdmlKS3hCVzBKakZjUEtPZ3FqWEpUZzMyTmoxajBUNWlpRDBlWDhISTA5UU9pQURya1BnN0xubTdoeUdocU9PV1FiZGo2NFJNSEg0cjhmNWc?oc=5
"Fiera Capital hiring Senior Business Analyst (IT) in Toronto, Ontario, Canada - LinkedIn",https://news.google.com/rss/articles/CBMikgFBVV95cUxOVUstVWY2MlR1MXlvdXl4UTlfdHVkSFBMLUw1X2JNckI2QnE4ZjR5YzJuWXE5VWV5b3RwMUFiM20xYTAyc0VzZ2U2NWxocWVTNmswRVNfNkpGVjlTNXZFTXVjRkY1UFphaE9Ra1RGMS1YOE02OFVpQ2hFdVhvUDJ0RVJycXZTdWVDcU52N21UU1RwZw?oc=5
"Iris Software Inc. hiring Senior Business system analyst - Wealth Management in Toronto, Ontario, Canada - LinkedIn",https://news.google.com/rss/articles/CBMitAFBVV95cUxOUzlGVWxwUTZPSFRFcmxuTzlTR0doRVgwc3hxMEdWUWVnYXUyNlJyYzJiZ0lhdDg0M2EyVkZjQjFnM1pqWlh5ZmRZeU5vR1Q2V0dkbmFMM1AxdkJ4SGpCVnhOenNqR0FoR19UQ1lEMHZ0c0FIM3E5bTR5UjFySThpNU1aUVlvclE0MEcwNFFYaW5fcmpCZHVRVGFMU3lCNkkyZTNIcFk3cGZtaXBoYUotMVNBZlc?oc=5
"Discover 200 Erp Data Analyst Junior Jobs and Work Opportunities in Toronto, ON - Indeed",https://news.google.com/rss/articles/CBMie0FVX3lxTE14UUgtTF9KNUdsck9FWW4ybGMtSFNHMTlIa0RhcVdDY2IyN0szUmdPUUwyVFc0emZDamVEVV9wZVhsV0FSaTdDT1NlSUs4WGZnd2VPN3R3N3hRSjl1Wm01d2ZFOG1DUVQtSkI5WmpUSkpNX3ZCd1VDTWhXMA?oc=5
"CIBC hiring Sr. Product Owner - CRTeX in Toronto, Ontario, Canada - LinkedIn",https://news.google.com/rss/articles/CBMigAFBVV95cUxQYklVa25HbU1FdnBod1NqeDZOanViOHpqNDgtVGFodFlDNGprcC10ZXBmVm43Y05nY1lMQTE5SG1HRDNTTER4VDB4cVQyWmlocVZ3cVVDOGY3UzV6ZnhlcERhTG95WU1CZFl1WnZXNWlvdExfLXhmc1BiSzBaWGZtWQ?oc=5
"Insight Global hiring CIAM Product Owner in Mississauga, Ontario, Canada - LinkedIn",https://news.google.com/rss/articles/CBMiiAFBVV95cUxOQkRiWnV0RDJvSVVwbnJBbTNwaWo5clZVdkE0X2dFWWlXTjNVYVYwMEM2Mkx1UGI5cTJYRDlpNnVvLUpzWEdkUUZCNjkzUWdjdFhOYW1wd2FUV09vMUR4X25kNzlZOF9hREcteGtxSm9vXzFEVVdSNU5vaG9IRFc5aEtWRzFVNUNi?oc=5
"Data analyst jobs in Six Points, ON - Indeed",https://news.google.com/rss/articles/CBMicEFVX3lxTE5kdUVocXluNDl1WERYLVlNelp1RTZKSXA1YkRPbU1DT1oyXy05U2V5NURlSVpobDdqbWV3TUsyTmZsZlJIUXNIX0M4c0xwU3VSZkl2WmFEUzhtNDhsd29SNVhUNl84YkdZcWhMaHo3N2U?oc=5
"Ontario Teachers'​ Pension Plan hiring Business Analyst in Toronto, Ontario, Canada - LinkedIn",https://news.google.com/rss/articles/CBMipwFBVV95cUxQd2NmOTBjSDBJR21xdkRxRTlrbnBIcGFYTVNZaWxxRHlKOFo2Qzh4LXlHZkwxeG5FWlMtQmdUUFhEc0E3dWs2YTU5bFpwMWFxRnVwc2JGc0JzTGQtOFhHQzdvdU5GOTNXQTh2Q2lvWFBvUUJ0ZTZ4a185ZEMyc3hnV3pfZGZfQW1wb3FCOUk5RmhrQXU0NE5wQnRVM0dQRmFQanZ2eGZmOA?oc=5
"Symcor hiring Product Owner 2 - Financial Fraud Prevention (COR.IQ) in Mississauga, Ontario, Canada - LinkedIn",https://news.google.com/rss/articles/CBMipwFBVV95cUxQSnMyUFFHZFZSTUE0T3c2RXhZVzBMcDlrbUhLVTk0TUdvd3lZUjM4bDhxcVhSaHR1cFBiN1RuenMyT3RQXzFUNmZReHdhTEM2TXZDdVZHWjNtZ0ZxYkJnWlN6b21tcl8zZTZYdWFWM3J4WHA2X0I2QUdkYzhFVEpPczBuMXRsSGw3R1RqWFRwemt2RlR2M3REMV9GWWdfR1lmWl9KVDI1bw?oc=5
"Sun Life hiring Senior Data Analyst in Waterloo, Ontario, Canada - LinkedIn",https://news.google.com/rss/articles/CBMiggFBVV95cUxPSWVkeXo5ZlpWbjZVNWJQalhBLUx4NXBKYTg0bDhEMlpDZUoxTC1LamtSUUhTc19KRGRBeGl6bGM3OEI3VjZTT1ZlNDNrTlJDSXkzeEhjVFhwdG1fVW1JLTl2SEQ5dzRKWXV2SVFlbVY1WGxOUWNEU2pSNmF1RHI2NW13?oc=5
"CIBC hiring Business Systems Analyst - Fraud in Greater Toronto Area, Canada - LinkedIn",https://news.google.com/rss/articles/CBMiiwFBVV95cUxQbjZ0S3FQZDdBOFRoR3JLZWhmZEQwMGJVc1RYWEtPSmFvMDl4eFQtVmMxNlNwTFJRZHdBbEh6T3JXNTh1Q3Zid3FRMEN5eXZtLTQxQW43eGN5c1plRUR6b2Y3emRsdDNERlRvZkVndWt1NmpIY3RVYUZ4aGp1QVlMX3U2LXdaMWlTb2hZ?oc=5
"First West Credit Union hiring AI Business Systems Analyst in City of Langley, British Columbia, Canada - LinkedIn",https://news.google.com/rss/articles/CBMioAFBVV95cUxOU3Y5YUczMlUzSTlxdW5hSVpsZlZxS2EzaFl0ODBxeWhsV0I4anJaN05fMEVwMzZtMDB4ekhJWnZ2SURrNXh2QThjUmEwYzZEZTJUQXYzQmY5eXFscXJMMDZXYTgzTkVKMVBvUlBJYklULWpSb2JFcjYwd1JXSmtzUVhpSkJWb0IzandyN0lkSUt4alE0T1NzZFNRLV9ENlFq?oc=5
"Insight Global hiring Business Analyst in St. Jacobs, Ontario, Canada - LinkedIn",https://news.google.com/rss/articles/CBMihgFBVV95cUxPRjRzTEtPVEdJXzNtYThLWVFfZW1mVFlUMHJ0b1hsdWRqQ2FZUWFUU1FYeEM3cUlEMTZEazZua0Z3ZTdOc2ZTYVJpNzNYXzJhdkpkemM4elZvd0JfbDc4NkNSbjhHeWE2TUtiX2p6RkFMelpLUXJ1Y2NTYmRVR1ppNmhxLURodw?oc=5
Operations Analyst - Indeed,https://news.google.com/rss/articles/CBMiX0FVX3lxTE9RNDhuVFRUQW5oa1lITzBBWDJoWWhaajh6c0lnVUpBR0hzeWpJb0FuVXlfUDVRQVJJTHZjYm1aOTRGX3lEYVlrSmszcWFoSzUwZUNUM05GeUxBV3E3N0pB?oc=5
"North Growth Management Ltd. hiring Back office: Business Operations Analyst in Vancouver, British Columbia, Canada - LinkedIn",https://news.google.com/rss/articles/CBMitgFBVV95cUxQOHQxZ1pZZDc4X2V1OG9TZUxhb0FkLWhkTkV0bS1xNEgxRmFET1BmcFhEMF96RkpHQjRxS2tIeENGcjRsZ2pkUlJJYktxZFdhdVE4Z3Nwa3V3QUtTZkRoWFhrS0VyMWx0aXhWdVphRXdNdmFJMUtLdXR1SXVLZlFmajZiUVVzNllnNGFFbUlCS252ejdHX0VaVXFxMW85Wk0tbVZBbGVWZ1p3c2NTVjNadVdWLW9Bdw?oc=5
"EY hiring Senior Technology Operations Analyst in London, Ontario, Canada - LinkedIn",https://news.google.com/rss/articles/CBMikAFBVV95cUxNSXF6ZnBnM0pmalBEeXVUVVpzeUppYUxPRTc0U1FhdnJNbmE5UzlwbUNYNHRvUVVFZFZmdVBKUnZkRG5ldzZ2eUdsOFlBSC0zeEZENU5LR3JfR2doNXI2bWRBRlhRX2pROEp5TVBOeWViYkFYUmtVbHRzU3JUdGJuVncyNmhmbFVmTFIwdFExcnI?oc=5
"TC Energy hiring Master Data Analyst in Calgary, Alberta, Canada - LinkedIn",https://news.google.com/rss/articles/CBMigwFBVV95cUxPS2JpZnpFdjFIbWJVTHlDc0ZleTRzZjhqbC16QVdtM0MzNVVaZUNydERDVFFwSWEybDFCSzhna0dUSGQyODlONF94bUpTX2d2RFJ5QUdHUjdHZEFBaG5oXzhvRlItTWRCRUpvOWlRZkNqbE5Eb3dRUHJyWS0zV19mRnhzSQ?oc=5
"Canadian Cancer Society hiring Technical Business Analyst in Calgary, Alberta, Canada - LinkedIn",https://news.google.com/rss/articles/CBMinwFBVV95cUxPREFlWF94RVBRVmpuTWV6cDNpcWJxa09oNmc1anZQNkI4bjBuX0pjemxUVnFNbE1KdGVVWUh2cVcyM1JkOGR2bjM0SV9wNElYMHZPMktkQ3p5bERhTFA3eDU5T3NrbVBHWFpZQTUxaldoRWIzcGE2T0JuS0xDV1owTUtnRUNrQUlCdmY2T21SV055TVNSbGpwM2VDUE81NzA?oc=5
"RBC hiring Product Owner, WMC Client Onboarding in Toronto, Ontario, Canada - LinkedIn",https://news.google.com/rss/articles/CBMikAFBVV95cUxOVlNGOXBMN0h6c25oQ1R1bmotVEY4UWluSXd6cXpBMVBNVmlxaGJCa2o0bTE5VnRVaVBSeDhrcTRUTXlneC12TzN5SjNLc3M2ZEhIX2RGMDVvRnBLWHZVV2ZuSUFLTnNEOXR6d01ZdDBtc1JRUlFzb05fQi1fTmpQeWhxUGc5WmhtU1VOZFBtYko?oc=5
"Robert Half hiring Business Analyst - Hybrid - Toronto - EUC Transformation in Toronto, Ontario, Canada - LinkedIn",https://news.google.com/rss/articles/CBMirwFBVV95cUxPc3dJVWo2ZEI2STBEZzY0elE1VGI5WkZER3VYV3Fma093MS1nYmxDTUNMdmU2dlpkVjlfb1hmQTZkUEgwanRWNEk2cVpUdzI1d2lrSzc0NFllenJ2Skptb3d6eGxyYTI0amRLa0IwN3BPMmhwME51LTZqRW1pQ1dlYThUelh5ZE1xMW9RakpKenZUalJycXRHeFRUM2RtTVp3bFlxX1FiLXVxc014NmlN?oc=5
"Discover 100 Bi Analyst Junior Jobs and Work Opportunities in Montréal, QC - Indeed",https://news.google.com/rss/articles/CBMie0FVX3lxTE9Jd0pEby1MeTgxYUpHYTI0RXpoOGZRR2NyTWRsSGRFVDhUWXFmTmlQa2NENG9RQU9XWTNfVFhRdE5TX1dwTDhTWU5JUVY3N09mUXVFTGVyOGxXVFhoZDhXd0FBQnhGR21ZbDMzQzE1TjlqZVJ6SFIyV0Y3OA?oc=5
"Amrize hiring Aggregates & Asphalt Operations Analyst - New Graduate in Calgary, Alberta, Canada - LinkedIn",https://news.google.com/rss/articles/CBMiqAFBVV95cUxOQlZEUHo2dy1Rak93eTlQRFVwV2QwdkdhZkhuRHVRTS1UdFRGa2xzQzdGWkdLaGF3MkllVFdUNl9rMmFjWW1SeDRWYTBzM0VuRFhTSEI5d3loc3NBaU1hVVBFelVQQkt5b2hya09EVUxMQm9YUGFmRG12SWJmNW5YaFNpLUlRMEdnV01KbU80U0ZFOFNoZWE2aTJQM0VGMlJXTWZuOGtwR0Y?oc=5
"Scribd, Inc. hiring Senior Product Analyst in Toronto, Ontario, Canada - LinkedIn",https://news.google.com/rss/articles/CBMiiAFBVV95cUxPYkdFeFh5bDFjaWtLUjFlQzFEOGtrVDM4dDdtOWJOUUZMUXMzaURDNnBtYVh4ZFl0dXQ3YjBrdnNQS0pHcy13QXBaaUpTanM1djZEWi01UUZNR1pqNXlKVnA1TWI2dkZ4OXF0d0RuZktadDRPcGo1bW9pMjRNRXZQbkhyZi12WVRl?oc=5
"Best Buy Canada hiring Business Analyst II (1-year contract) in Vancouver, British Columbia, Canada - LinkedIn",https://news.google.com/rss/articles/CBMioAFBVV95cUxOd0VpM3BPbS1oMzNqczYyUkkzZXVGZjI3ZFBTbG5wYUxibTFNTE9Ta1ZpRFc1Z0YwemlCYmhwaXFYS1l5YzlxWWN3Z20zNEx1azI1cG5hd1RLVG5DOHYxUVZaRmNOTWE5Q1RFc0N1ejJ3ZkVFQUVDS2dwXzgzc2JVRjFyTXptcWxDcnpyTGUtOW41UFpwSGJqY3c5cGtIWXcy?oc=5
RemoteHunter hiring Business Intelligence Analyst I in United States - LinkedIn,https://news.google.com/rss/articles/CBMimAFBVV95cUxNNDlfX3R1Q241Y0k3a3psR2hRQzBvYi1uQ0NxT0FYR1laSnJRUmxuWThJUGMzQ1FyaXlxbVJlYUVqWTBqX21fZmNiTTFlRDM2WmFRRUJ1TmY5NGFXRzRoMmt0Q1pSWF82a3p5bDV6UHdiMVZWdGJBT3VpaS1EZnByXzZDQjFoSDRJaTJ1cWl5Z3VucElLaEhTeA?oc=5
"Alignerr hiring Security Operations Analyst in Toronto, Ontario, Canada - LinkedIn",https://news.google.com/rss/articles/CBMijAFBVV95cUxObE5XUnQ3ekJLM2YteXdQdDdKRTVLTl9lQlA4cUN5Tk1xLWo2MllKbzBTODFHOUt1MnZJWDJ4dmtnRFNoLWo1clBtaV9ZYmt3UFpUZmtfWTEwX3VkZUI3aWRDM1lRM2Nad1psMWZjTEgxYkhmRkl3SXhvQldjRGRMTUUxWTJQY3FlTld1LQ?oc=5
"Senior Analyst, Liquidity Regulatory Reporting (12-Month Contract) - Indeed",https://news.google.com/rss/articles/CBMiXkFVX3lxTE11Y3BVZ0w2dV8yZ3RWR1NQalJyd0dGbk0zLVltZVlRaHZFQ0M0bXh4S1BLVHNnV1JGT3ZxV1gxRXhLUEVnS3ozY1ZjRE1DLUgyd2ZUNGVsbk9rcUNzZVE?oc=5
"Manager, Product Strategy Analyst - Indeed",https://news.google.com/rss/articles/CBMiXkFVX3lxTE5KbXQ3Y013Um94Rk8yemJLV3JScEJ5RkRVMU5Sc2Z2UWhWQ0NrN2Zpb0NETS10Q2ZEQmRFY01Ya0FtXzFWWldhdTNyczh5aUp3SUZlbXV2WW1PcVk2dWc?oc=5
"Axiom Builders hiring Data Analyst in Vancouver, British Columbia, Canada - LinkedIn",https://news.google.com/rss/articles/CBMigAFBVV95cUxPeDFHZHJyYUx0NUgtRkdUQkpPakJpZzlXaWlFZmxRLW9pS1QtdGZTaXZsczhGMkVsXzRyVndLNjFZZGI1ZkVNVnd4SnpmbnhnWFAwZExQdEFVTDdOSFp1LUVMNnVLbjVsYndDNUtPYjl0MzlxaVJ0dm5YT19SSENQQQ?oc=5
"Make-A-Wish Canada hiring Data & Reporting Analyst - Salesforce in Ottawa, Ontario, Canada - LinkedIn",https://news.google.com/rss/articles/CBMiogFBVV95cUxQOFJmX0NnUFdhUGN0WWdoa2Z3UEJ1S1JVTGdYUWpQcGhadHFTUW9wY2JZM2VZaTFZQ2xZR1FRM0J6ZHN2MF9ERS1DSHNrcTRhVW5LZGhfNzJsRTNaWjdzbF9RQmVXMzVieHdaRDV0Mm4xaHZkN2VldE1DLURVcHNDMU92ekdtRVcxd3BCN1l3bmNXRzFxdUVLR2hUbXRvbmVwN0E?oc=5
"Moneris hiring Product Analyst III in Toronto, Ontario, Canada - LinkedIn",https://news.google.com/rss/articles/CBMigAFBVV95cUxNVWVXRzM0amppUXRYekthRDVoOXFFNDhRUVVreVlyZjA1a3Fzb3VmRzU0NnpFYkNUTHhhcjFKaXd0cGpLUENBZ3NSMmpBaFlDZl9icm5LUTJWdWFmUHF5T3VmaFNsai1kLUJmN01EWHVPc2FOOWxkVEZldFRSUVZFcQ?oc=5
"Alignerr hiring Offensive Security Analyst (Structured / Non-Exploit) in Toronto, Ontario, Canada - LinkedIn",https://news.google.com/rss/articles/CBMiqgFBVV95cUxOMlNFWkN3UXRtU1I5VnpjUGFQVGhIOWNGNmM4aXJXVEdVaXFCdzdiNlFlb1VvMDlOMjhNMnFHX0kxS2FWYVNzTUowVFliZkFndUFoc0xpQ1hyQXU3emx4c1hHakduZEhuTTdmdEM5Sk1CWlNoLUEwQ1h5ZVR4MXRZZGk4b0M2cC1XZ2YyWXUtUGVvQWR5MmlZQjljQ3JFSWtvWkVDZkFfcVg5dw?oc=5
"Insight Global hiring Data Analyst in Toronto, Ontario, Canada - LinkedIn",https://news.google.com/rss/articles/CBMigAFBVV95cUxOSnlBQllVZ0tpSVBuekptclFKV0lEWTBTLUlvSWh4cmJWdF9Fc2pSdzBkWlp3YTN3TUFTUU5ZNVNhZVhmZ0R5ZXc2dUhGLTc5T0l6Z2hUNkdzV25XeHJUdEpiQWRTRzc1RGtsVEh2NE1uQXZBTEVxQWpJbmpobl9JTQ?oc=5
